[{"model": "admin.logentry", "pk": 1, "fields": {"action_time": "2024-08-29T09:32:03.722Z", "user": 1, "content_type": 6, "object_id": "3", "object_repr": "kouta", "action_flag": 3, "change_message": ""}}, {"model": "admin.logentry", "pk": 2, "fields": {"action_time": "2024-08-29T09:32:14.217Z", "user": 1, "content_type": 6, "object_id": "2", "object_repr": "tsuntsun", "action_flag": 3, "change_message": ""}}, {"model": "admin.logentry", "pk": 3, "fields": {"action_time": "2024-09-20T22:39:59.676Z", "user": 5, "content_type": 6, "object_id": "5", "object_repr": "maeda-kota", "action_flag": 2, "change_message": "[{\"changed\": {\"fields\": [\"Password\", \"Img\"]}}]"}}, {"model": "admin.logentry", "pk": 4, "fields": {"action_time": "2024-09-20T22:44:18.390Z", "user": 4, "content_type": 6, "object_id": "5", "object_repr": "maeda-kota", "action_flag": 2, "change_message": "[]"}}, {"model": "admin.logentry", "pk": 5, "fields": {"action_time": "2024-10-03T08:12:48.213Z", "user": 4, "content_type": 6, "object_id": "11", "object_repr": "allauth-try-8", "action_flag": 3, "change_message": ""}}, {"model": "admin.logentry", "pk": 6, "fields": {"action_time": "2024-10-03T08:12:54.076Z", "user": 4, "content_type": 6, "object_id": "10", "object_repr": "allauth-try-7", "action_flag": 3, "change_message": ""}}, {"model": "admin.logentry", "pk": 7, "fields": {"action_time": "2024-10-03T08:15:59.236Z", "user": 4, "content_type": 6, "object_id": "12", "object_repr": "allauth-try-7", "action_flag": 3, "change_message": ""}}, {"model": "myapp.customuser", "pk": 1, "fields": {"password": "pbkdf2_sha256$720000$IsRZGGBCuGAB18ZV8zyLni$4GmPidUz+PAp5XP1wFempWzLugGP+H/bXSul5BbyP5w=", "last_login": "2024-10-04T11:09:26.515Z", "is_superuser": true, "username": "ツンツン", "first_name": "", "last_name": "", "is_staff": true, "is_active": true, "date_joined": "2024-08-29T04:45:48.486Z", "email": "kou_kuga1101@icloud.com", "img": "", "groups": [], "user_permissions": []}}, {"model": "myapp.customuser", "pk": 4, "fields": {"password": "pbkdf2_sha256$720000$sl29UH4LOzIH2pu6Ku2IzE$jbJnAoptULi8fy4Jl7MoxTGQcCtNgamyDHteH9hujGU=", "last_login": "2024-10-03T08:12:22.723Z", "is_superuser": true, "username": "chatkouta", "first_name": "", "last_name": "", "is_staff": true, "is_active": true, "date_joined": "2024-08-29T09:11:13.263Z", "email": "kou_kuga1101@icloud.com", "img": "", "groups": [], "user_permissions": []}}, {"model": "myapp.customuser", "pk": 5, "fields": {"password": "pbkdf2_sha256$720000$ZZmtuDRzAwCxXj04J5K5f9$859ABaCbiKLC2hb29AQOIXYsoSmUn0F4lEThlS5F+yA=", "last_login": "2024-09-26T10:13:17.823Z", "is_superuser": true, "username": "maeda-kota", "first_name": "", "last_name": "", "is_staff": true, "is_active": true, "date_joined": "2024-09-20T22:35:01Z", "email": "kou_kuga1101@icloud.com", "img": "profile_images/スクリーンショット_2024-04-16_224935.png", "groups": [], "user_permissions": []}}, {"model": "myapp.customuser", "pk": 6, "fields": {"password": "pbkdf2_sha256$720000$GY8xAEDm2qobmONuougJes$kkWPJUlmodDGHNCftbS4BRlMpNZ7Ap6mGsomvdxhYqc=", "last_login": "2024-09-21T01:03:47.366Z", "is_superuser": false, "username": "お試しユーザー", "first_name": "", "last_name": "", "is_staff": false, "is_active": true, "date_joined": "2024-09-20T23:34:55.650Z", "email": "kou_kuga1101@icloud.com", "img": "profile_images/スクリーンショット_2024-04-16_224355.png", "groups": [], "user_permissions": []}}, {"model": "myapp.customuser", "pk": 7, "fields": {"password": "pbkdf2_sha256$720000$ybTwJr1uelITSoTNQi86xA$yZ7XjRquTg0ZaV8VHOyftGjt55zrfZEdYgl8u390l/U=", "last_login": "2024-09-26T10:18:52.380Z", "is_superuser": false, "username": "user4", "first_name": "", "last_name": "", "is_staff": false, "is_active": true, "date_joined": "2024-09-24T06:32:32.116Z", "email": "kou_kuga1101@icloud.com", "img": "profile_images/スクリーンショット_2024-05-18_235819.png", "groups": [], "user_permissions": []}}, {"model": "myapp.customuser", "pk": 8, "fields": {"password": "pbkdf2_sha256$720000$3xFVaGaDluzpvmfOnBpzMC$cQUjOcmzLbNWFVtBjK+w/fGsEnrOuxpzBGkCcOkCgV0=", "last_login": "2024-09-26T10:22:39.955Z", "is_superuser": false, "username": "ユーザー5", "first_name": "", "last_name": "", "is_staff": false, "is_active": true, "date_joined": "2024-09-24T07:46:13.356Z", "email": "kou_kuga1101@icloud.com", "img": "profile_images/スクリーンショット_2024-05-11_090042.png", "groups": [], "user_permissions": []}}, {"model": "myapp.customuser", "pk": 9, "fields": {"password": "pbkdf2_sha256$720000$pBfYF9vLaLDHdTHTE7HuMy$j0ly2wLRkj/pqIx/2Lpr5s/dVay4DVbFoCZSlNvGTsI=", "last_login": "2024-09-26T10:29:42.677Z", "is_superuser": false, "username": "user6", "first_name": "", "last_name": "", "is_staff": false, "is_active": true, "date_joined": "2024-09-24T07:47:50.527Z", "email": "kou_kuga1101@icloud.com", "img": "profile_images/スクリーンショット_2024-07-27_131553.png", "groups": [], "user_permissions": []}}, {"model": "myapp.customuser", "pk": 13, "fields": {"password": "pbkdf2_sha256$720000$hsuqsTPrqKfd7gRKVlwdy6$QK6Qsu+04z6P4wgGg/djnMCskRU3E3UmK1xjGTUPDEg=", "last_login": "2024-10-03T08:16:50.789Z", "is_superuser": false, "username": "allauth-try-7", "first_name": "", "last_name": "", "is_staff": false, "is_active": true, "date_joined": "2024-10-03T08:16:50.366Z", "email": "kou.kuga1101@gmail.com", "img": "", "groups": [], "user_permissions": []}}, {"model": "myapp.customuser", "pk": 14, "fields": {"password": "pbkdf2_sha256$720000$FFqlbVTcN6UcEoER0pikvM$ln+df1PxQJjBUPM3+bPHU0cBk7sPfzEtjHOhDr/LO7I=", "last_login": "2024-10-04T11:00:23.269Z", "is_superuser": false, "username": "django-allauth-8", "first_name": "", "last_name": "", "is_staff": false, "is_active": true, "date_joined": "2024-10-04T11:00:23.102Z", "email": "maeda.kota.25s@st.kyoto-u.ac.jp", "img": "", "groups": [], "user_permissions": []}}, {"model": "myapp.friendshiprequest", "pk": 1, "fields": {"sender": 1, "receiver": 4, "created_at": "2024-09-04T02:55:00.521Z", "status": ""}}, {"model": "myapp.friendshiprequest", "pk": 2, "fields": {"sender": 4, "receiver": 1, "created_at": "2024-09-04T04:09:02.693Z", "status": ""}}, {"model": "myapp.friendshiprequest", "pk": 3, "fields": {"sender": 4, "receiver": 1, "created_at": "2024-09-04T04:13:22.359Z", "status": ""}}, {"model": "myapp.friendshiprequest", "pk": 4, "fields": {"sender": 1, "receiver": 4, "created_at": "2024-09-04T04:21:11.771Z", "status": ""}}, {"model": "myapp.friendshiprequest", "pk": 5, "fields": {"sender": 1, "receiver": 4, "created_at": "2024-09-04T04:21:13.520Z", "status": ""}}, {"model": "myapp.friendshiprequest", "pk": 6, "fields": {"sender": 4, "receiver": 1, "created_at": "2024-09-04T04:21:39.528Z", "status": ""}}, {"model": "myapp.friendshiprequest", "pk": 7, "fields": {"sender": 4, "receiver": 1, "created_at": "2024-09-04T04:29:03.286Z", "status": ""}}, {"model": "myapp.friendshiprequest", "pk": 8, "fields": {"sender": 1, "receiver": 4, "created_at": "2024-09-05T04:43:28.804Z", "status": "accepted"}}, {"model": "myapp.friendshiprequest", "pk": 9, "fields": {"sender": 4, "receiver": 1, "created_at": "2024-09-05T04:44:07.360Z", "status": "pending"}}, {"model": "myapp.friendshiprequest", "pk": 10, "fields": {"sender": 5, "receiver": 1, "created_at": "2024-09-20T22:47:38.063Z", "status": "accepted"}}, {"model": "myapp.friendshiprequest", "pk": 11, "fields": {"sender": 5, "receiver": 4, "created_at": "2024-09-20T22:47:39.294Z", "status": "pending"}}, {"model": "myapp.friendshiprequest", "pk": 12, "fields": {"sender": 5, "receiver": 1, "created_at": "2024-09-20T23:25:38.483Z", "status": "pending"}}, {"model": "myapp.friendshiprequest", "pk": 13, "fields": {"sender": 5, "receiver": 4, "created_at": "2024-09-20T23:25:39.832Z", "status": "accepted"}}, {"model": "myapp.friendshiprequest", "pk": 14, "fields": {"sender": 6, "receiver": 5, "created_at": "2024-09-20T23:35:48.197Z", "status": "accepted"}}, {"model": "myapp.friendshiprequest", "pk": 15, "fields": {"sender": 6, "receiver": 4, "created_at": "2024-09-20T23:35:49.175Z", "status": "accepted"}}, {"model": "myapp.friendshiprequest", "pk": 16, "fields": {"sender": 6, "receiver": 1, "created_at": "2024-09-20T23:35:49.998Z", "status": "accepted"}}, {"model": "myapp.friendshiprequest", "pk": 17, "fields": {"sender": 5, "receiver": 6, "created_at": "2024-09-21T01:04:22.528Z", "status": "pending"}}, {"model": "myapp.friendshiprequest", "pk": 18, "fields": {"sender": 7, "receiver": 1, "created_at": "2024-09-24T06:32:41.744Z", "status": "pending"}}, {"model": "myapp.friendshiprequest", "pk": 19, "fields": {"sender": 5, "receiver": 7, "created_at": "2024-09-24T06:33:03.544Z", "status": "accepted"}}, {"model": "myapp.friendshiprequest", "pk": 20, "fields": {"sender": 7, "receiver": 5, "created_at": "2024-09-24T06:38:10.186Z", "status": "pending"}}, {"model": "myapp.friendshiprequest", "pk": 21, "fields": {"sender": 7, "receiver": 1, "created_at": "2024-09-26T10:22:09.403Z", "status": "pending"}}, {"model": "myapp.friendshiprequest", "pk": 22, "fields": {"sender": 7, "receiver": 8, "created_at": "2024-09-26T10:22:22.574Z", "status": "accepted"}}, {"model": "myapp.friendshiprequest", "pk": 23, "fields": {"sender": 14, "receiver": 1, "created_at": "2024-10-04T11:00:52.161Z", "status": "pending"}}, {"model": "myapp.friendshiprequest", "pk": 24, "fields": {"sender": 14, "receiver": 4, "created_at": "2024-10-04T11:00:53.325Z", "status": "pending"}}, {"model": "myapp.friendship", "pk": 1, "fields": {"user": 4, "friend": 1, "created_at": "2024-09-05T04:43:52.110Z"}}, {"model": "myapp.friendship", "pk": 2, "fields": {"user": 1, "friend": 4, "created_at": "2024-09-05T04:43:52.138Z"}}, {"model": "myapp.friendship", "pk": 3, "fields": {"user": 4, "friend": 6, "created_at": "2024-09-20T23:41:19.238Z"}}, {"model": "myapp.friendship", "pk": 4, "fields": {"user": 6, "friend": 4, "created_at": "2024-09-20T23:41:19.244Z"}}, {"model": "myapp.friendship", "pk": 5, "fields": {"user": 4, "friend": 5, "created_at": "2024-09-20T23:41:22.070Z"}}, {"model": "myapp.friendship", "pk": 6, "fields": {"user": 5, "friend": 4, "created_at": "2024-09-20T23:41:22.075Z"}}, {"model": "myapp.friendship", "pk": 7, "fields": {"user": 1, "friend": 5, "created_at": "2024-09-21T00:45:12.143Z"}}, {"model": "myapp.friendship", "pk": 8, "fields": {"user": 5, "friend": 1, "created_at": "2024-09-21T00:45:12.151Z"}}, {"model": "myapp.friendship", "pk": 9, "fields": {"user": 1, "friend": 6, "created_at": "2024-09-21T00:45:13.092Z"}}, {"model": "myapp.friendship", "pk": 10, "fields": {"user": 6, "friend": 1, "created_at": "2024-09-21T00:45:13.095Z"}}, {"model": "myapp.friendship", "pk": 11, "fields": {"user": 5, "friend": 6, "created_at": "2024-09-21T01:04:27.469Z"}}, {"model": "myapp.friendship", "pk": 12, "fields": {"user": 6, "friend": 5, "created_at": "2024-09-21T01:04:27.474Z"}}, {"model": "myapp.friendship", "pk": 13, "fields": {"user": 7, "friend": 5, "created_at": "2024-09-26T10:19:06.348Z"}}, {"model": "myapp.friendship", "pk": 14, "fields": {"user": 5, "friend": 7, "created_at": "2024-09-26T10:19:06.375Z"}}, {"model": "myapp.friendship", "pk": 15, "fields": {"user": 8, "friend": 7, "created_at": "2024-09-26T10:22:44.680Z"}}, {"model": "myapp.friendship", "pk": 16, "fields": {"user": 7, "friend": 8, "created_at": "2024-09-26T10:22:44.700Z"}}, {"model": "myapp.message", "pk": 1, "fields": {"content": "まじまんじ\r\n", "from_user": 1, "to_user": 4, "timestamp": "2024-09-15T07:11:36.873Z"}}, {"model": "myapp.message", "pk": 2, "fields": {"content": "まじまんじ\r\n", "from_user": 1, "to_user": 4, "timestamp": "2024-09-15T07:13:33.065Z"}}, {"model": "myapp.message", "pk": 3, "fields": {"content": "最新メッセージ\r\n", "from_user": 1, "to_user": 4, "timestamp": "2024-09-15T09:12:16.040Z"}}, {"model": "myapp.message", "pk": 4, "fields": {"content": "chat-koutaバージョンメッセージ\r\n", "from_user": 4, "to_user": 1, "timestamp": "2024-09-15T09:13:48.012Z"}}, {"model": "myapp.message", "pk": 5, "fields": {"content": "日付間違いどうするか、\r\n送信ボタンをどうやって真横に持ってくるか\r\nテキストエリアを中心に設定するには？\r\n日付の表記方法を（設定方法）を変える\r\nフレンドリストに戻るボタンのデコレーション\r\n", "from_user": 4, "to_user": 1, "timestamp": "2024-09-15T09:15:43.662Z"}}, {"model": "myapp.message", "pk": 6, "fields": {"content": "テキストエリアの改行が反映されない問題", "from_user": 4, "to_user": 1, "timestamp": "2024-09-15T09:16:00.588Z"}}, {"model": "myapp.message", "pk": 7, "fields": {"content": "ユーザー名は変更したかな？\r\n", "from_user": 1, "to_user": 4, "timestamp": "2024-09-20T19:44:57.883Z"}}, {"model": "myapp.message", "pk": 8, "fields": {"content": "してませんでした", "from_user": 1, "to_user": 4, "timestamp": "2024-09-20T19:45:05.323Z"}}, {"model": "myapp.message", "pk": 9, "fields": {"content": "こんどこそ・・\r\n", "from_user": 1, "to_user": 4, "timestamp": "2024-09-20T19:47:27.787Z"}}, {"model": "myapp.message", "pk": 10, "fields": {"content": "いけました", "from_user": 1, "to_user": 4, "timestamp": "2024-09-20T19:47:40.477Z"}}, {"model": "myapp.message", "pk": 11, "fields": {"content": "まじ卍\r\n", "from_user": 5, "to_user": 6, "timestamp": "2024-09-21T01:04:43.679Z"}}, {"model": "myapp.message", "pk": 12, "fields": {"content": "変更したかな？\r\n", "from_user": 5, "to_user": 6, "timestamp": "2024-09-21T01:07:30.528Z"}}, {"model": "myapp.message", "pk": 13, "fields": {"content": "いけました\r\n", "from_user": 5, "to_user": 6, "timestamp": "2024-09-21T01:07:41.341Z"}}, {"model": "myapp.message", "pk": 14, "fields": {"content": "日時も上手く設定できました", "from_user": 5, "to_user": 6, "timestamp": "2024-09-24T06:49:05.574Z"}}, {"model": "myapp.message", "pk": 15, "fields": {"content": "最新メッセージ", "from_user": 5, "to_user": 4, "timestamp": "2024-09-24T08:41:14.849Z"}}, {"model": "myapp.message", "pk": 16, "fields": {"content": "工夫戦勝った", "from_user": 8, "to_user": 7, "timestamp": "2024-09-26T10:23:00.653Z"}}, {"model": "myapp.message", "pk": 17, "fields": {"content": "俺の名前は。\r\n", "from_user": 1, "to_user": 4, "timestamp": "2024-10-04T10:29:22.064Z"}}, {"model": "sites.site", "pk": 1, "fields": {"domain": "example.com", "name": "example.com"}}, {"model": "account.emailaddress", "pk": 3, "fields": {"user": 13, "email": "kou.kuga1101@gmail.com", "verified": false, "primary": true}}, {"model": "account.emailaddress", "pk": 4, "fields": {"user": 14, "email": "maeda.kota.25s@st.kyoto-u.ac.jp", "verified": false, "primary": true}}]